Parcels,Greedy_Profit,ILP_Optimal_Profit
5,101.76481528589697,108.79082167817236
10,191.45974258983026,205.35252685065848
15,291.32182743305384,313.90387663180195
